mode,test_dataset,n_train,n_test,n_features,assigned_games,accuracy_argmax,macro_f1_argmax,accuracy_assigned,macro_f1_assigned
baseline,all_feature_table_2025sp17_with_talks,595,530,135,106,0.36981132075471695,0.259626786512892,0.3169811320754717,0.2983490566037736
baseline,all_feature_table_2025summer_with_talks2,530,595,135,119,0.29411764705882354,0.27584787023518353,0.3058823529411765,0.28256302521008403
no_recipient_ref,all_feature_table_2025sp17_with_talks,595,530,19,106,0.35283018867924526,0.2605074398471259,0.2962264150943396,0.25943396226415094
no_recipient_ref,all_feature_table_2025summer_with_talks2,530,595,19,119,0.2504201680672269,0.24339649420340764,0.3126050420168067,0.27521008403361347
