mode,folds,mean_accuracy_argmax,mean_macro_f1_argmax,mean_accuracy_assigned,mean_macro_f1_assigned,min_macro_f1_assigned,max_macro_f1_assigned
baseline,2,0.33196448390677025,0.26773732837403774,0.31143174250832406,0.2904560409069288,0.28256302521008403,0.2983490566037736
no_recipient_ref,2,0.3016251783732361,0.2519519670252668,0.3044157285555732,0.2673220231488822,0.25943396226415094,0.27521008403361347
